Max train value,102875.0
Min train value,59025.0
Train values range,43850.0
Train RMSE,86.96840988323392
Train NRMSE,0.0019833160748742055
Max test value,74575.0
Min test value,61074.99999999999
Test values range,13500.000000000007
Test RMSE,73.08389160253516
Test NRMSE,0.005413621600187787
