Max train value,102625.0
Min train value,59025.0
Train values range,43600.0
Train RMSE,121.50172931833562
Train NRMSE,0.0027867369109710006
Max test value,74575.0
Min test value,61074.99999999999
Test values range,13500.000000000007
Test RMSE,117.20548325542104
Test NRMSE,0.008681887648549703
