Max train value,115500.0
Min train value,89649.99999999999
Train values range,25850.000000000015
Train RMSE,269.98499541866624
Train NRMSE,0.010444293826640855
Max test value,93975.0
Min test value,82025.0
Test values range,11950.0
Test RMSE,293.8799309621796
Test NRMSE,0.0245924628420234
